text,summary,explanation
"Beyoncé Giselle Knowles-Carter (/bi__j_nse_/ bee-YON-say) (born September 4, 1981) is an American singer, songwriter, record producer and actress. Born and raised in Houston, Texas, she performed in various singing and dancing competitions as a child, and rose to fame in the late 1990s as lead singer of R&B girl-group Destiny's Child. Managed by her father, Mathew Knowles, the group became one of the world's best-selling girl groups of all time. Their hiatus saw the release of Beyoncé's debut album, Dangerously in Love (2003), which established her as a solo artist worldwide, earned five Grammy Awards and featured the Billboard Hot 100 number-one singles ""Crazy in Love"" and ""Baby Boy"".","Beyoncé Giselle Knowles-Carter, born on September 4, 1981, is an American singer, songwriter, record producer, and actress. Raised in Houston, Texas, she gained fame as the lead singer of R&B girl-group Destiny's Child in the late 1990s. Managed by her father, Mathew Knowles, the group became one of the best-selling girl groups worldwide. During their hiatus, Beyoncé released her debut album, Dangerously in Love (2003), earning her five Grammy Awards and featuring chart-topping singles ""Crazy in Love"" and ""Baby Boy"" on the Billboard Hot 100.
","Identifying key details: The key details in the paragraph include Beyoncé's full name, birth date, profession, upbringing, involvement with Destiny's Child, her debut album, and its accolades. 

Removing unnecessary information: Details such as the pronunciation of her name and her father's name were not crucial to the main points, so they were omitted to focus on the essential facts. 

Condensing sentences: Long sentences were broken down into shorter ones to maintain clarity and readability. 

Combining related information: Similar ideas or facts were combined into a single sentence to reduce redundancy and streamline the summary. 

Maintaining coherence: The summary was structured to ensure that all important facts were retained and presented in a coherent manner, following a logical flow."
"Following the disbandment of Destiny's Child in June 2005, she released her second solo album, B'Day (2006), which contained hits ""Déjà Vu"", ""Irreplaceable"", and ""Beautiful Liar"". Beyoncé also ventured into acting, with a Golden Globe-nominated performance in Dreamgirls (2006), and starring roles in The Pink Panther (2006) and Obsessed (2009). Her marriage to rapper Jay Z and portrayal of Etta James in Cadillac Records (2008) influenced her third album, I Am... Sasha Fierce (2008), which saw the birth of her alter-ego Sasha Fierce and earned a record-setting six Grammy Awards in 2010, including Song of the Year for ""Single Ladies (Put a Ring on It)"". Beyoncé took a hiatus from music in 2010 and took over management of her career; her fourth album 4 (2011) was subsequently mellower in tone, exploring 1970s funk, 1980s pop, and 1990s soul. Her critically acclaimed fifth studio album, Beyoncé (2013), was distinguished from previous releases by its experimental production and exploration of darker themes.","After Destiny's Child disbanded, Beyoncé released her second solo album, ""B'Day"" (2006), with hits like ""Déjà Vu"" and ""Irreplaceable"". She ventured into acting, receiving a Golden Globe nomination for ""Dreamgirls"" (2006) and starring in ""The Pink Panther"" (2006) and ""Obsessed"" (2009). Her marriage to Jay Z and role in ""Cadillac Records"" (2008) influenced her third album, ""I Am... Sasha Fierce"" (2008), which won six Grammy Awards. Taking a hiatus in 2010, she managed her own career and released the mellower album ""4"" (2011). Her critically acclaimed self-titled album, ""Beyoncé"" (2013), explored experimental production and darker themes.","Removing unnecessary details: I omitted specific song titles and focused on the general themes and highlights of Beyoncé's albums and acting career. This helped to streamline the information and make it more concise.

Combining related information: I combined related facts into single sentences to avoid repetition and unnecessary elaboration. For example, I mentioned Beyoncé's marriage to Jay Z and how it influenced her music without going into specific details about their relationship.

Condensing descriptions: I condensed descriptions of albums and films to their key highlights and distinguishing features. This allowed me to convey the main points without getting too detailed.

Eliminating redundant information: I removed redundant phrases and unnecessary descriptors, such as repeating ""solo album"" or specifying the Grammy Awards as being in 2010 when discussing ""I Am... Sasha Fierce""."
"A self-described ""modern-day feminist"", Beyoncé creates songs that are often characterized by themes of love, relationships, and monogamy, as well as female sexuality and empowerment. On stage, her dynamic, highly choreographed performances have led to critics hailing her as one of the best entertainers in contemporary popular music. Throughout a career spanning 19 years, she has sold over 118 million records as a solo artist, and a further 60 million with Destiny's Child, making her one of the best-selling music artists of all time. She has won 20 Grammy Awards and is the most nominated woman in the award's history. The Recording Industry Association of America recognized her as the Top Certified Artist in America during the 2000s decade. In 2009, Billboard named her the Top Radio Songs Artist of the Decade, the Top Female Artist of the 2000s and their Artist of the Millennium in 2011. Time listed her among the 100 most influential people in the world in 2013 and 2014. Forbes magazine also listed her as the most powerful female musician of 2015.","Beyoncé, a self-proclaimed feminist, creates songs exploring love, relationships, monogamy, female sexuality, and empowerment. Her highly choreographed performances are praised in contemporary music. With a 19-year career, she has sold over 118 million solo records and 60 million with Destiny's Child, making her a top-selling artist. Beyoncé has won 20 Grammys, holds the most nominations by a woman, and was recognized as the Top Certified Artist in America. Time and Forbes have acknowledged her influence and power in the music industry.","Identification of key themes: Identified the key themes explored in Beyoncé's songs, including love, relationships, monogamy, female sexuality, and empowerment. 

Condensing descriptions: Condensed the description of Beyoncé's highly choreographed performances into a concise statement about their critical acclaim in contemporary music. 

Combining similar information: Combined the information about Beyoncé's record sales as a solo artist and with Destiny's Child to highlight her overall success as a top-selling artist. 

Highlighting achievements: Emphasized Beyoncé's 20 Grammy Awards and her record for the most nominations by a woman as notable achievements. 

Summarizing recognition: Summarized the recognition she received as the Top Certified Artist in America, the Top Radio Songs Artist of the Decade, and her influence and power in the music industry according to Time and Forbes.

"
"Beyoncé Giselle Knowles was born in Houston, Texas, to Celestine Ann ""Tina"" Knowles (née Beyincé), a hairdresser and salon owner, and Mathew Knowles, a Xerox sales manager. Beyoncé's name is a tribute to her mother's maiden name. Beyoncé's younger sister Solange is also a singer and a former member of Destiny's Child. Mathew is African-American, while Tina is of Louisiana Creole descent (with African, Native American, French, Cajun, and distant Irish and Spanish ancestry). Through her mother, Beyoncé is a descendant of Acadian leader Joseph Broussard. She was raised in a Methodist household.","Beyoncé Giselle Knowles was born in Texas to Celestine Ann ""Tina"" Knowles and Mathew Knowles. Her name is a tribute to her mother's maiden name. Her younger sister, Solange, is also a singer and former member of Destiny's Child. Beyoncé's heritage includes African, Native American, French, Cajun, Irish, and Spanish ancestry through her Louisiana Creole mother. She was raised in a Methodist household.



","Condensing information: I combined details about Beyoncé's parents and their occupations into a single sentence to reduce repetition and unnecessary words. 

Eliminating redundant information: I removed the mention of Beyoncé's mother's name after the initial introduction, as it wasn't necessary for the summary. 

Summarizing family relationships: I mentioned Beyoncé's younger sister, Solange, and her connection to Destiny's Child in a concise manner. 

Highlighting key ancestry: I provided a brief overview of Beyoncé's diverse heritage, mentioning her African, Native American, French, Cajun, Irish, and Spanish ancestry. 

Simplifying religious background: I summarized Beyoncé's upbringing in a Methodist household without going into further details."
"Beyoncé attended St. Mary's Elementary School in Fredericksburg, Texas, where she enrolled in dance classes. Her singing talent was discovered when dance instructor Darlette Johnson began humming a song and she finished it, able to hit the high-pitched notes. Beyoncé's interest in music and performing continued after winning a school talent show at age seven, singing John Lennon's ""Imagine"" to beat 15/16-year-olds. In fall of 1990, Beyoncé enrolled in Parker Elementary School, a music magnet school in Houston, where she would perform with the school's choir. She also attended the High School for the Performing and Visual Arts and later Alief Elsik High School. Beyoncé was also a member of the choir at St. John's United Methodist Church as a soloist for two years.","Beyoncé attended St. Mary's Elementary School in Texas, where her singing talent was discovered by dance instructor Darlette Johnson. She won a talent show at age seven. Later, in 1990, she enrolled in Parker Elementary School, a music magnet school, and performed with the choir. Beyoncé also attended the High School for the Performing and Visual Arts and Alief Elsik High School. She was a soloist in St. John's United Methodist Church choir for two years.
","Removed specific location: Instead of mentioning ""Fredericksburg, Texas,"" I generalized it to ""St. Mary's Elementary School in Texas."" This reduces the overall character count.

Condensed sentence structure: I rephrased certain sentences and combined information to make the text more concise. For example, I merged the sentence about Beyoncé's singing talent discovery and winning a talent show at age seven into a single sentence.

Removed repetitive information: I omitted the phrase ""Her singing talent was discovered by dance instructor Darlette Johnson when she effortlessly finished a song's high-pitched notes"" as it was already mentioned in the previous sentence."
"At age eight, Beyoncé and childhood friend Kelly Rowland met LaTavia Roberson while in an audition for an all-girl entertainment group. They were placed into a group with three other girls as Girl's Tyme, and rapped and danced on the talent show circuit in Houston. After seeing the group, R&B producer Arne Frager brought them to his Northern California studio and placed them in Star Search, the largest talent show on national TV at the time. Girl's Tyme failed to win, and Beyoncé later said the song they performed was not good. In 1995 Beyoncé's father resigned from his job to manage the group. The move reduced Beyoncé's family's income by half, and her parents were forced to move into separated apartments. Mathew cut the original line-up to four and the group continued performing as an opening act for other established R&B girl groups. The girls auditioned before record labels and were finally signed to Elektra Records, moving to Atlanta Records briefly to work on their first recording, only to be cut by the company. This put further strain on the family, and Beyoncé's parents separated. On October 5, 1995, Dwayne Wiggins's Grass Roots Entertainment signed the group. In 1996, the girls began recording their debut album under an agreement with Sony Music, the Knowles family reunited, and shortly after, the group got a contract with Columbia Records.","At age eight, Beyoncé and friend Kelly Rowland met LaTavia Roberson during an all-girl group audition. 
Placed in Girl's Tyme with three others, they performed rap and dance routines in Houston's talent shows. R&B producer Arne Frager brought them to his Northern California studio for Star Search. Despite not winning, Beyoncé admitted their performance was subpar. In 1995, her father left his job to manage the group, reducing the family's income. They performed as an opening act for established R&B girl groups. After auditions, they signed with Elektra Records, briefly moved to Atlanta Records, then got dropped. This strained the family, leading to her parents' separation. On October 5, 1995, Grass Roots Entertainment signed them. In 1996, they recorded their debut album with Sony Music. The Knowles family reunited, and the group secured a contract with Columbia Records.




","Eliminated repeated information: The mention of Beyoncé's father's job resignation reducing the family's income and her parents moving into separate apartments was removed, as it was already implied by the mention of their strained family situation. 

Condensed descriptions: Descriptions such as ""largest talent show on national TV at the time"" and ""forced to move into separated apartments"" were simplified to convey the main idea more concisely. 

Removed unnecessary details: Specific references to ""Dwayne Wiggins's Grass Roots Entertainment"" and the ""agreement with Sony Music"" were removed to focus on the main narrative."
"The group changed their name to Destiny's Child in 1996, based upon a passage in the Book of Isaiah. In 1997, Destiny's Child released their major label debut song ""Killing Time"" on the soundtrack to the 1997 film, Men in Black. The following year, the group released their self-titled debut album, scoring their first major hit ""No, No, No"". The album established the group as a viable act in the music industry, with moderate sales and winning the group three Soul Train Lady of Soul Awards for Best R&B/Soul Album of the Year, Best R&B/Soul or Rap New Artist, and Best R&B/Soul Single for ""No, No, No"". The group released their multi-platinum second album The Writing's on the Wall in 1999. The record features some of the group's most widely known songs such as ""Bills, Bills, Bills"", the group's first number-one single, ""Jumpin' Jumpin'"" and ""Say My Name"", which became their most successful song at the time, and would remain one of their signature songs. ""Say My Name"" won the Best R&B Performance by a Duo or Group with Vocals and the Best R&B Song at the 43rd Annual Grammy Awards. The Writing's on the Wall sold more than eight million copies worldwide. During this time, Beyoncé recorded a duet with Marc Nelson, an original member of Boyz II Men, on the song ""After All Is Said and Done"" for the soundtrack to the 1999 film, The Best Man.","In 1996, the group changed their name to Destiny's Child based on a passage in the Book of Isaiah. The following year, they released their major label debut song ""Killing Time"" for the film Men in Black. In 1998, their self-titled debut album was released, featuring the hit ""No, No, No"". The album established them in the music industry, earning three Soul Train Lady of Soul Awards. In 1999, their multi-platinum second album The Writing's on the Wall was released, featuring successful songs like ""Bills, Bills, Bills"" and ""Say My Name,"" which won Grammy Awards. The album sold over eight million copies worldwide. During this time, Beyoncé recorded a duet with Marc Nelson for the film The Best Man. 




","Identifying key information: I identified the main points in the paragraph, such as the name change of the group to Destiny's Child, the release of their debut album and its hit songs, the awards they received, the success of their second album, and Beyoncé's collaboration with Marc Nelson. 

Removing redundant details: I removed repetitive phrases and unnecessary descriptors to make the summary more concise. For example, I removed specific details about the Soul Train Lady of Soul Awards and Grammy Awards, as well as additional information about the album sales. 

Combining related information: I combined related information to avoid repetition. For instance, I mentioned the hit songs ""Bills, Bills, Bills"" and ""Say My Name"" in the context of the group's second album The Writing's on the Wall, rather than mentioning them separately. 

Summarizing in a cohesive manner: I arranged the information in a logical sequence to provide a cohesive summary. I started with the name change and debut album, then moved on to the success of the second album, and finally mentioned Beyoncé's collaboration."
"LeToya Luckett and Roberson became unhappy with Mathew's managing of the band and eventually were replaced by Farrah Franklin and Michelle Williams. Beyoncé experienced depression following the split with Luckett and Roberson after being publicly blamed by the media, critics, and blogs for its cause. Her long-standing boyfriend left her at this time. The depression was so severe it lasted for a couple of years, during which she occasionally kept herself in her bedroom for days and refused to eat anything. Beyoncé stated that she struggled to speak about her depression because Destiny's Child had just won their first Grammy Award and she feared no one would take her seriously. Beyoncé would later speak of her mother as the person who helped her fight it. Franklin was dismissed, leaving just Beyoncé, Rowland, and Williams.","LeToya Luckett and Roberson were replaced by Farrah Franklin and Michelle Williams due to dissatisfaction with Mathew's management. This led to Beyoncé experiencing severe depression, worsened by media and public scrutiny and her breakup with her long-standing boyfriend. She struggled to discuss her depression after Destiny's Child's Grammy win, fearing a lack of credibility. Beyoncé credited her mother for helping her through the difficult period. Franklin was later dismissed, leaving Beyoncé, Rowland, and Williams as the remaining members.



","Removal of repetitive information: The mention of Luckett and Roberson's replacements and Franklin's dismissal is condensed to convey the main idea of member changes in the group. 

Streamlining sentence structure: Sentences are rephrased and combined to convey the information more concisely. For example, the sentence about Beyoncé's depression and her struggle to speak about it is condensed into a single sentence. 

Summarizing additional details: The details about Beyoncé's depression lasting for a couple of years, her seclusion, and her fear of not being taken seriously are summarized without specific mentions of durations or specific actions. 

Retaining crucial facts: The key facts about member replacements, Beyoncé's depression, her breakup, and Franklin's dismissal are included to ensure all important details are covered in the summary."
"The remaining band members recorded ""Independent Women Part I"", which appeared on the soundtrack to the 2000 film, Charlie's Angels. It became their best-charting single, topping the U.S. Billboard Hot 100 chart for eleven consecutive weeks. In early 2001, while Destiny's Child was completing their third album, Beyoncé landed a major role in the MTV made-for-television film, Carmen: A Hip Hopera, starring alongside American actor Mekhi Phifer. Set in Philadelphia, the film is a modern interpretation of the 19th century opera Carmen by French composer Georges Bizet. When the third album Survivor was released in May 2001, Luckett and Roberson filed a lawsuit claiming that the songs were aimed at them. The album debuted at number one on the U.S. Billboard 200, with first-week sales of 663,000 copies sold. The album spawned other number-one hits, ""Bootylicious"" and the title track, ""Survivor"", the latter of which earned the group a Grammy Award for Best R&B Performance by a Duo or Group with Vocals. After releasing their holiday album 8 Days of Christmas in October 2001, the group announced a hiatus to further pursue solo careers.","Destiny's Child recorded ""Independent Women Part I"" for the film Charlie's Angels, their best-charting single that held the top spot on the U.S. Billboard Hot 100 for eleven weeks. Beyoncé starred in the MTV film Carmen: A Hip Hopera in 2001. Their third album, Survivor, debuted at number one on the U.S. Billboard 200 with 663,000 copies sold in its first week. The album produced more number-one hits, including ""Bootylicious"" and the title track ""Survivor,"" earning them a Grammy Award. Following their holiday album, 8 Days of Christmas, the group announced a hiatus to pursue solo careers.","Eliminated unnecessary details: I removed specific references to the media, critics, and blogs blaming Beyoncé and the mention of winning the Grammy Award, focusing instead on the core information about her experiencing depression. 

Condensed sentences: I condensed sentences by combining related information and removing repetition. For example, I combined the mention of Farrah Franklin and Michelle Williams replacing LeToya Luckett and Roberson into a single sentence. 

Used concise language: I used concise language to convey the information without unnecessary descriptors. This allowed for a more streamlined summary. 

Maintained factual information: I ensured that all the important factual details from the original text were retained in the summarized version."
"In July 2002, Beyoncé continued her acting career playing Foxxy Cleopatra alongside Mike Myers in the comedy film, Austin Powers in Goldmember, which spent its first weekend atop the US box office and grossed $73 million. Beyoncé released ""Work It Out"" as the lead single from its soundtrack album which entered the top ten in the UK, Norway, and Belgium. In 2003, Beyoncé starred opposite Cuba Gooding, Jr., in the musical comedy The Fighting Temptations as Lilly, a single mother whom Gooding's character falls in love with. The film received mixed reviews from critics but grossed $30 million in the U.S. Beyoncé released ""Fighting Temptation"" as the lead single from the film's soundtrack album, with Missy Elliott, MC Lyte, and Free which was also used to promote the film. Another of Beyoncé's contributions to the soundtrack, ""Summertime"", fared better on the US charts.","In July 2002, Beyoncé acted in the comedy film Austin Powers in Goldmember, grossing $73 million in its opening weekend. She released ""Work It Out"" as the lead single from the film's soundtrack, achieving top-ten positions in the UK, Norway, and Belgium. In 2003, she starred in the musical comedy The Fighting Temptations opposite Cuba Gooding, Jr., earning $30 million. Beyoncé released ""Fighting Temptation"" as the lead single from the film's soundtrack, featuring Missy Elliott, MC Lyte, and Free. Her contribution ""Summertime"" performed well on the US charts. 




","Removed unnecessary descriptions: I eliminated specific details about Beyoncé playing the character ""Foxxy Cleopatra"" in Austin Powers in Goldmember and the character ""Lilly"" in The Fighting Temptations. Instead, I focused on her acting roles without diving into specific character names. 

Condensed information: I summarized the box office performance of Austin Powers in Goldmember by stating it spent its first weekend atop the US box office and grossed $73 million. Similarly, I provided a brief mention of The Fighting Temptations grossing $30 million in the US. 

Simplified sentence structure: I rephrased sentences to convey the same information using fewer words. This involved removing redundant phrases and using concise language."
"In November 2003, she embarked on the Dangerously in Love Tour in Europe and later toured alongside Missy Elliott and Alicia Keys for the Verizon Ladies First Tour in North America. On February 1, 2004, Beyoncé performed the American national anthem at Super Bowl XXXVIII, at the Reliant Stadium in Houston, Texas. After the release of Dangerously in Love, Beyoncé had planned to produce a follow-up album using several of the left-over tracks. However, this was put on hold so she could concentrate on recording Destiny Fulfilled, the final studio album by Destiny's Child. Released on November 15, 2004, in the US and peaking at number two on the Billboard 200, Destiny Fulfilled included the singles ""Lose My Breath"" and ""Soldier"", which reached the top five on the Billboard Hot 100 chart. Destiny's Child embarked on a worldwide concert tour, Destiny Fulfilled... and Lovin' It and during the last stop of their European tour, in Barcelona on June 11, 2005, Rowland announced that Destiny's Child would disband following the North American leg of the tour. The group released their first compilation album Number 1's on October 25, 2005, in the US and accepted a star on the Hollywood Walk of Fame in March 2006.","
In November 2003, Beyoncé toured Europe for the Dangerously in Love Tour and joined Missy Elliott and Alicia Keys for the Verizon Ladies First Tour in North America. She performed the American national anthem at Super Bowl XXXVIII in February 2004. Beyoncé postponed her follow-up album to focus on Destiny Fulfilled, the final studio album by Destiny's Child. Released in November 2004, it reached number two on the Billboard 200 and included the hit singles ""Lose My Breath"" and ""Soldier."" Destiny's Child disbanded after their worldwide concert tour, Destiny Fulfilled... and Lovin' It, with a final announcement in June 2005. They released their compilation album Number 1's in October 2005 and received a star on the Hollywood Walk of Fame in March 2006. 


","Removal of unnecessary descriptions: I removed specific details like the location of Super Bowl XXXVIII (Reliant Stadium in Houston, Texas) because they were not crucial to the summary and could be omitted without losing the overall context. Similarly, I eliminated the exact date and location of Rowland's announcement during the Destiny Fulfilled... and Lovin' It tour as it was not essential to the summary. 

Simplification of sentence structure: I rephrased certain sentences to convey the same information using fewer words. This involved removing redundant phrases and using concise language. For example, instead of saying ""Beyoncé had planned to produce a follow-up album using several of the left-over tracks,"" I simply stated ""Beyoncé's follow-up album plans were put on hold."" This change conveys the same idea more succinctly. 

Condensing information: I summarized details about the albums and tours without going into specific chart positions or mentioning additional songs. The focus was on providing a brief overview of the key events, such as the release of Destiny Fulfilled and its notable singles ""Lose My Breath"" and ""Soldier,"" as well as the disbandment of Destiny's Child after their worldwide tour."
"Her first acting role of 2006 was in the comedy film The Pink Panther starring opposite Steve Martin, grossing $158.8 million at the box office worldwide. Her second film Dreamgirls, the film version of the 1981 Broadway musical loosely based on The Supremes, received acclaim from critics and grossed $154 million internationally. In it, she starred opposite Jennifer Hudson, Jamie Foxx, and Eddie Murphy playing a pop singer based on Diana Ross. To promote the film, Beyoncé released ""Listen"" as the lead single from the soundtrack album. In April 2007, Beyoncé embarked on The Beyoncé Experience, her first worldwide concert tour, visiting 97 venues and grossed over $24 million.[note 1] Beyoncé conducted pre-concert food donation drives during six major stops in conjunction with her pastor at St. John's and America's Second Harvest. At the same time, B'Day was re-released with five additional songs, including her duet with Shakira ""Beautiful Liar"".","Beyoncé's acting career began in 2006 with her role in the comedy film The Pink Panther, which was a box office success. She then starred in the film adaptation of the Broadway musical Dreamgirls, receiving critical acclaim. The film grossed $154 million globally. Beyoncé's song ""Listen"" from the film's soundtrack was released as a lead single. In 2007, she embarked on her first worldwide concert tour, The Beyoncé Experience, performing in 97 venues and grossing over $24 million. During the tour, Beyoncé organized food donation drives in collaboration with her pastor. Additionally, her album B'Day was re-released with extra songs, including the popular duet ""Beautiful Liar"" with Shakira. 



","Identify the key events and details: The first step is to carefully read the paragraph and identify the main events and facts mentioned. This includes Beyoncé's acting roles in The Pink Panther and Dreamgirls, the success and earnings of these films, the release of ""Listen"" as a single, her concert tour, and the re-release of the album B'Day with additional songs. 

Remove unnecessary details: Next, remove any filler words or redundant information that doesn't contribute to the main points. This helps to streamline the summary and make it more concise. 

Combine related information: Look for related facts or events that can be combined into a single sentence. For example, in the original paragraph, the mention of Beyoncé's concert tour and the food donation drives during the tour can be merged into one sentence to highlight her philanthropic efforts."
"On April 4, 2008, Beyoncé married Jay Z. She publicly revealed their marriage in a video montage at the listening party for her third studio album, I Am... Sasha Fierce, in Manhattan's Sony Club on October 22, 2008. I Am... Sasha Fierce was released on November 18, 2008 in the United States. The album formally introduces Beyoncé's alter ego Sasha Fierce, conceived during the making of her 2003 single ""Crazy in Love"", selling 482,000 copies in its first week, debuting atop the Billboard 200, and giving Beyoncé her third consecutive number-one album in the US. The album featured the number-one song ""Single Ladies (Put a Ring on It)"" and the top-five songs ""If I Were a Boy"" and ""Halo"". Achieving the accomplishment of becoming her longest-running Hot 100 single in her career, ""Halo""'s success in the US helped Beyoncé attain more top-ten singles on the list than any other woman during the 2000s. It also included the successful ""Sweet Dreams"", and singles ""Diva"", ""Ego"", ""Broken-Hearted Girl"" and ""Video Phone"". The music video for ""Single Ladies"" has been parodied and imitated around the world, spawning the ""first major dance craze"" of the Internet age according to the Toronto Star. The video has won several awards, including Best Video at the 2009 MTV Europe Music Awards, the 2009 Scottish MOBO Awards, and the 2009 BET Awards. At the 2009 MTV Video Music Awards, the video was nominated for nine awards, ultimately winning three including Video of the Year. Its failure to win the Best Female Video category, which went to American country pop singer Taylor Swift's ""You Belong with Me"", led to Kanye West interrupting the ceremony and Beyoncé improvising a re-presentation of Swift's award during her own acceptance speech. In March 2009, Beyoncé embarked on the I Am... World Tour, her second headlining worldwide concert tour, consisting of 108 shows, grossing $119.5 million.","On April 4, 2008, Beyoncé married Jay Z. She publicly revealed their marriage at the listening party for her album I Am... Sasha Fierce on October 22, 2008. The album debuted at number one on the Billboard 200, selling 482,000 copies in its first week. It featured the hit singles ""Single Ladies (Put a Ring on It)"", ""If I Were a Boy"", and ""Halo"". The success of ""Halo"" helped Beyoncé achieve more top-ten singles on the Hot 100 than any other woman in the 2000s. The album also included successful singles like ""Sweet Dreams"", ""Diva"", and ""Video Phone"". The music video for ""Single Ladies"" became a global sensation and won multiple awards. In March 2009, Beyoncé embarked on the I Am... World Tour, which grossed $119.5 million. 




","Removal of repetitive information: In the original text, the phrase ""her third studio album"" is repeated multiple times. In the summary, this phrase is only mentioned once to avoid redundancy. 

Streamlining sentence structure: The sentence ""The album formally introduces Beyoncé's alter ego Sasha Fierce, conceived during the making of her 2003 single 'Crazy in Love'"" is condensed to ""The album introduced Beyoncé's alter ego Sasha Fierce, conceived during the making of 'Crazy in Love'"". 

Elimination of unnecessary descriptors: The phrase ""selling 482,000 copies in its first week"" is simplified to ""debuting atop the Billboard 200"" to convey the same information in a more concise manner. 

Summarizing additional details: The details about the music video for ""Single Ladies"" winning awards are summarized as ""The video has won several awards, including Best Video at the 2009 MTV Europe Music Awards, the 2009 Scottish MOBO Awards, and the 2009 BET Awards"". 

Omission of specific numbers: The specific number of shows and the gross earnings from the I Am... World Tour are not included in the summary, as they are not crucial to conveying the main points."
"Beyoncé further expanded her acting career, starring as blues singer Etta James in the 2008 musical biopic, Cadillac Records. Her performance in the film received praise from critics, and she garnered several nominations for her portrayal of James, including a Satellite Award nomination for Best Supporting Actress, and a NAACP Image Award nomination for Outstanding Supporting Actress. Beyoncé donated her entire salary from the film to Phoenix House, an organization of rehabilitation centers for heroin addicts around the country. On January 20, 2009, Beyoncé performed James' ""At Last"" at the First Couple's first inaugural ball. Beyoncé starred opposite Ali Larter and Idris Elba in the thriller, Obsessed. She played Sharon Charles, a mother and wife who learns of a woman's obsessive behavior over her husband. Although the film received negative reviews from critics, the movie did well at the US box office, grossing $68 million—$60 million more than Cadillac Records—on a budget of $20 million. The fight scene finale between Sharon and the character played by Ali Larter also won the 2010 MTV Movie Award for Best Fight.","Beyoncé expanded her acting career by portraying blues singer Etta James in the 2008 film Cadillac Records. Her performance earned her nominations for several awards. She donated her salary from the film to the organization Phoenix House. Beyoncé also performed James' song ""At Last"" at the First Couple's inaugural ball. In the thriller Obsessed, she starred alongside Ali Larter and Idris Elba, playing a wife who faces a woman's obsessive behavior towards her husband. Despite negative reviews, the film performed well at the US box office and won the 2010 MTV Movie Award for Best Fight.




","Removal of redundant information: I eliminated repetitive details and phrases that were not necessary for conveying the main points. For example, instead of repeating that Beyoncé starred in the 2008 film Cadillac Records, I mentioned her portrayal of blues singer Etta James in a concise manner. 

Streamlining sentence structure: I condensed sentences and rephrased them to convey the same information using fewer words. This involved using concise language and eliminating unnecessary descriptors. For instance, I combined information about Beyoncé's performance in Cadillac Records with the critical acclaim she received, mentioning her nominations and the organization she donated her salary to in a single sentence. 

Summarizing additional details: I summarized key details about Beyoncé's role in the thriller Obsessed. I mentioned her co-stars and the general premise of the film, highlighting the positive box office performance and the recognition it received for the fight scene finale."
"At the 52nd Annual Grammy Awards, Beyoncé received ten nominations, including Album of the Year for I Am... Sasha Fierce, Record of the Year for ""Halo"", and Song of the Year for ""Single Ladies (Put a Ring on It)"", among others. She tied with Lauryn Hill for most Grammy nominations in a single year by a female artist. In 2010, Beyoncé was featured on Lady Gaga's single ""Telephone"" and its music video. The song topped the US Pop Songs chart, becoming the sixth number-one for both Beyoncé and Gaga, tying them with Mariah Carey for most number-ones since the Nielsen Top 40 airplay chart launched in 1992. ""Telephone"" received a Grammy Award nomination for Best Pop Collaboration with Vocals.","At the 52nd Annual Grammy Awards, Beyoncé received ten nominations, including Album of the Year for I Am... Sasha Fierce, Record of the Year for ""Halo"", and Song of the Year for ""Single Ladies (Put a Ring on It)"". She tied with Lauryn Hill for most Grammy nominations in a single year by a female artist. In 2010, Beyoncé collaborated with Lady Gaga on the hit single ""Telephone"". The song reached number one on the US Pop Songs chart, earning Beyoncé and Gaga their sixth number-one hits on the chart. ""Telephone"" also received a Grammy Award nomination for Best Pop Collaboration with Vocals. 



","Removal of repetitive information: The mention of Mariah Carey's number-one records was removed since it was not directly relevant to Beyoncé's accomplishments. 

Streamlining sentence structure: I condensed sentences and rephrased them to convey the same information using fewer words. For example, I combined the Grammy nominations for Album of the Year, Record of the Year, and Song of the Year into a single sentence to eliminate repetition. 

Eliminating unnecessary descriptors: I removed the specific mention of the Nielsen Top 40 airplay chart launching in 1992, as it did not add significant value to the summary. 

Focusing on key details: I highlighted the notable achievement of Beyoncé tying Lauryn Hill for most Grammy nominations in a single year by a female artist."
"Beyoncé announced a hiatus from her music career in January 2010, heeding her mother's advice, ""to live life, to be inspired by things again"". During the break she and her father parted ways as business partners. Beyoncé's musical break lasted nine months and saw her visit multiple European cities, the Great Wall of China, the Egyptian pyramids, Australia, English music festivals and various museums and ballet performances.","
Beyoncé took a hiatus in January 2010 to seek inspiration and live life fully. She traveled to different cities, including European destinations, the Great Wall of China, and the Egyptian pyramids. She also attended music festivals, visited museums, and ended her business partnership with her father.","Removal of filler words: I eliminated unnecessary words like ""and"" and ""the"" to make the sentences more concise. For example, ""Beyoncé announced a hiatus from her music career in January 2010"" became ""Beyoncé took a hiatus in January 2010."" 

Condensing information: I combined related details into single sentences to reduce redundancy. For instance, instead of mentioning each specific location Beyoncé visited during her hiatus, I summarized it as ""She traveled to multiple European cities, the Great Wall of China, the Egyptian pyramids, Australia, and attended English music festivals."" 

Streamlining sentence structure: I rephrased sentences to convey the same information using fewer words. An example is transforming ""During the break she and her father parted ways as business partners"" into ""She ended her business partnership with her father."""
"In 2011, documents obtained by WikiLeaks revealed that Beyoncé was one of many entertainers who performed for the family of Libyan ruler Muammar Gaddafi. Rolling Stone reported that the music industry was urging them to return the money they earned for the concerts; a spokesperson for Beyoncé later confirmed to The Huffington Post that she donated the money to the Clinton Bush Haiti Fund. Later that year she became the first solo female artist to headline the main Pyramid stage at the 2011 Glastonbury Festival in over twenty years, and was named the highest-paid performer in the world per minute.","In 2011, WikiLeaks revealed that Beyoncé performed for the family of Libyan ruler Muammar Gaddafi. After the disclosure, there were calls for artists to return the money they earned for the concerts. Beyoncé confirmed that she donated the money to the Clinton Bush Haiti Fund. In the same year, she made history as the first solo female artist in over twenty years to headline the main Pyramid stage at the 2011 Glastonbury Festival. Additionally, she was recognized as the highest-paid performer in the world per minute. 




","Removal of redundant information: Redundant phrases or details that didn't contribute to the main points were eliminated. For instance, in the first sentence, the mention of ""documents obtained by WikiLeaks"" was omitted as it was already stated at the beginning of the paragraph. 

Condensing sentences: Sentences were condensed and rephrased to convey the same information using fewer words. This involved removing unnecessary descriptors and simplifying the language. For example, in the second sentence, the phrase ""there were calls for artists to return the money"" was condensed to ""calls for artists to return the money"" for brevity. 

Focus on key details: The summary focused on the key facts and events, omitting less significant information. In the last sentence, the mention of Beyoncé being named the highest-paid performer in the world per minute was included to highlight her notable achievement."
"Her fourth studio album 4 was released on June 28, 2011 in the US. 4 sold 310,000 copies in its first week and debuted atop the Billboard 200 chart, giving Beyoncé her fourth consecutive number-one album in the US. The album was preceded by two of its singles ""Run the World (Girls)"" and ""Best Thing I Never Had"", which both attained moderate success. The fourth single ""Love on Top"" was a commercial success in the US. 4 also produced four other singles; ""Party"", ""Countdown"", ""I Care"" and ""End of Time"". ""Eat, Play, Love"", a cover story written by Beyoncé for Essence that detailed her 2010 career break, won her a writing award from the New York Association of Black Journalists. In late 2011, she took the stage at New York's Roseland Ballroom for four nights of special performances: the 4 Intimate Nights with Beyoncé concerts saw the performance of her 4 album to a standing room only.","Beyoncé's fourth studio album, 4, debuted at number one on the Billboard 200 chart, selling 310,000 copies in its first week. The album featured singles like ""Run the World (Girls)"", ""Best Thing I Never Had"", ""Love on Top"", and ""Countdown"". Additionally, Beyoncé wrote a cover story for Essence magazine titled ""Eat, Play, Love"" which won her a writing award. She also performed her 4 album in a series of special concerts called 4 Intimate Nights with Beyoncé at New York's Roseland Ballroom. 




","Removal of repetitive information: I removed repetitive phrases and details that were not necessary to convey the main points. For example, instead of mentioning the specific Grammy nominations Beyoncé received, I summarized it as her receiving ten nominations at the 52nd Annual Grammy Awards. 

Streamlining sentence structure: I condensed sentences and rephrased them to convey the same information using fewer words. For instance, instead of listing all the cities and places Beyoncé visited during her musical break, I mentioned that she traveled to multiple European cities, the Great Wall of China, the Egyptian pyramids, Australia, English music festivals, and various museums and ballet performances. 

Summarizing additional details: I focused on the most significant facts while omitting specific numbers or additional context that were not crucial to the summary. For example, instead of mentioning the exact amount of money Beyoncé donated from her performance for Muammar Gaddafi's family, I summarized it as her donating the money to the Clinton Bush Haiti Fund."
"On January 7, 2012, Beyoncé gave birth to her first child, a daughter, Blue Ivy Carter, at Lenox Hill Hospital in New York. Five months later, she performed for four nights at Revel Atlantic City's Ovation Hall to celebrate the resort's opening, her first performances since giving birth to Blue Ivy.","On January 7, 2012, Beyoncé welcomed her first child, daughter Blue Ivy Carter, at Lenox Hill Hospital in New York. Five months later, she returned to the stage for four nights at Revel Atlantic City's Ovation Hall, marking her first performances since giving birth.
",
"In January 2013, Destiny's Child released Love Songs, a compilation album of the romance-themed songs from their previous albums and a newly recorded track, ""Nuclear"". Beyoncé performed the American national anthem singing along with a pre-recorded track at President Obama's second inauguration in Washington, D.C. The following month, Beyoncé performed at the Super Bowl XLVII halftime show, held at the Mercedes-Benz Superdome in New Orleans. The performance stands as the second most tweeted about moment in history at 268,000 tweets per minute. At the 55th Annual Grammy Awards, Beyoncé won for Best Traditional R&B Performance for ""Love on Top"". Her feature-length documentary film, Life Is But a Dream, first aired on HBO on February 16, 2013. The film, which she directed and produced herself, featured footage from her childhood, her as a mother and businesswoman, recording, rehearsing for live performances, and her return to the spotlight following Blue Ivy's birth. Its DVD release in November 2013 was accompanied by footage from the Revel Presents: Beyoncé Live concerts and a new song, ""God Made You Beautiful"". In February 2013, Beyoncé signed a global publishing agreement with Warner/Chappell Music, which would cover her future songwriting and then-upcoming studio album.","In January 2013, Destiny's Child released Love Songs, a compilation album featuring romance-themed songs from their previous albums and a new track, ""Nuclear"". Beyoncé performed at President Obama's second inauguration, singing the American national anthem along with a pre-recorded track. The following month, she delivered a highly acclaimed performance at the Super Bowl XLVII halftime show, generating a record-breaking 268,000 tweets per minute. At the 55th Annual Grammy Awards, Beyoncé won Best Traditional R&B Performance for ""Love on Top"". She also directed and produced the documentary film Life Is But a Dream, which aired on HBO and showcased her personal and professional journey. Additionally, Beyoncé signed a global publishing agreement with Warner/Chappell Music in February 2013, covering her songwriting and her upcoming studio album. 




","Identifying the main events: I focused on key events such as the release of Destiny's Child's Love Songs album, Beyoncé's performances at President Obama's second inauguration and the Super Bowl halftime show, her Grammy win, and the release of her documentary film Life Is But a Dream. 

Removing unnecessary details: I omitted specific dates and specific song titles that were not crucial to the overall summary. 

Combining related information: I grouped together related facts, such as Beyoncé's Grammy win and her signing a global publishing agreement with Warner/Chappell Music, to create more concise sentences. 

Using concise language: I used clear and concise language to convey the main points of each event, eliminating unnecessary adjectives and descriptive phrases. 

Retaining all facts: I made sure to include all the essential facts from the original paragraph, ensuring that no important information was left out."
"Beyoncé embarked on The Mrs. Carter Show World Tour on April 15 in Belgrade, Serbia; the tour included 132 dates that ran through to March 2014. It became the most successful tour of her career and one of the most-successful tours of all time. In May, Beyoncé's cover of Amy Winehouse's ""Back to Black"" with André 3000 on The Great Gatsby soundtrack was released. She was also honorary chair of the 2013 Met Gala. Beyoncé voiced Queen Tara in the 3D CGI animated film, Epic, released by 20th Century Fox on May 24, and recorded an original song for the film, ""Rise Up"", co-written with Sia.","Beyoncé's highly successful The Mrs. Carter Show World Tour began in April 2013 and featured 132 dates spanning until March 2014. It became one of the most successful tours in history. In May, Beyoncé released a cover of Amy Winehouse's ""Back to Black"" with André 3000 for The Great Gatsby soundtrack. She also served as the honorary chair of the 2013 Met Gala. Additionally, Beyoncé voiced the character Queen Tara in the animated film Epic and contributed an original song called ""Rise Up"" co-written with Sia.","Identify the key events and details: The Mrs. Carter Show World Tour, release of ""Back to Black"" cover, honorary chair at the 2013 Met Gala, voicing Queen Tara in Epic, and recording ""Rise Up"" for the film. 
Remove unnecessary filler words and phrases: ""Beyoncé embarked on,"" ""the tour included,"" ""that ran through to,"" ""It became,"" ""In May,"" ""She was also,"" ""released by 20th Century Fox on,"" and ""co-written with Sia."" 
Combine related information: Mention the tour's success as one of the most successful of all time."
"On December 13, 2013, Beyoncé unexpectedly released her eponymous fifth studio album on the iTunes Store without any prior announcement or promotion. The album debuted atop the Billboard 200 chart, giving Beyoncé her fifth consecutive number-one album in the US. This made her the first woman in the chart's history to have her first five studio albums debut at number one. Beyoncé received critical acclaim and commercial success, selling one million digital copies worldwide in six days; The New York Times noted the album's unconventional, unexpected release as significant. Musically an electro-R&B album, it concerns darker themes previously unexplored in her work, such as ""bulimia, postnatal depression [and] the fears and insecurities of marriage and motherhood"". The single ""Drunk in Love"", featuring Jay Z, peaked at number two on the Billboard Hot 100 chart. In April 2014, after much speculation in the weeks before, Beyoncé and Jay Z officially announced their On the Run Tour. It served as the couple's first co-headlining stadium tour together. On August 24, 2014, she received the Video Vanguard Award at the 2014 MTV Video Music Awards. Knowles also took home three competitive awards: Best Video with a Social Message and Best Cinematography for ""Pretty Hurts"", as well as best collaboration for ""Drunk in Love"". In November, Forbes reported that Beyoncé was the top-earning woman in music for the second year in a row—earning $115 million in the year, more than double her earnings in 2013. Beyoncé was reissued with new material in three forms: as an extended play, a box set, as well as a full platinum edition.","On December 13, 2013, Beyoncé surprised fans by releasing her fifth studio album without prior announcement. The album debuted at number one on the Billboard 200 chart, making Beyoncé the first woman with her first five albums reaching the top spot. The album received critical acclaim, exploring darker themes and featuring the hit single ""Drunk in Love"" with Jay Z. In April 2014, Beyoncé and Jay Z announced their joint On the Run Tour. She received the Video Vanguard Award and won multiple categories at the 2014 MTV Video Music Awards. Forbes named Beyoncé the highest-earning woman in music for the second consecutive year. The album was reissued with additional content, including an extended play and platinum edition.","Removal of unnecessary details: I removed specific dates and excessive descriptions that were not crucial to the main points. For example, instead of mentioning the exact date of the album release and the number of digital copies sold in six days, I focused on the fact that Beyoncé released her fifth studio album without announcement and it was a commercial success. 

Consolidation of information: I combined related information into concise statements to avoid repetition. For instance, instead of mentioning separately that Beyoncé won three awards at the 2014 MTV Video Music Awards, I summarized it in a single sentence. 

Condensing sentences: I shortened sentences by using concise language and removing redundant phrases. For example, instead of stating that Beyoncé's album explores ""themes previously unexplored in her work,"" I simplified it to ""exploring darker themes."" 

Omission of less significant details: I omitted some specific details that were not crucial to the summary, such as the individual categories Beyoncé won at the MTV Video Music Awards and the different forms in which the album was reissued."
"At the 57th Annual Grammy Awards in February 2015, Beyoncé was nominated for six awards, ultimately winning three: Best R&B Performance and Best R&B Song for ""Drunk in Love"", and Best Surround Sound Album for Beyoncé. She was nominated for Album of the Year but the award was won by Beck for his Morning Phase album. In August, the cover of the September issue of Vogue magazine was unveiled online, Beyoncé as the cover star, becoming the first African-American artist and third African-American woman in general to cover the September issue. She headlined the 2015 Made in America festival in early September and also the Global Citizen Festival later that month. Beyoncé made an uncredited featured appearance on the track ""Hymn for the Weekend"" by British rock band Coldplay, on their seventh studio album A Head Full of Dreams (2015), which saw release in December. On January 7, 2016, Pepsi announced Beyoncé would perform alongside Coldplay at Super Bowl 50 in February. Knowles has previously performed at four Super Bowl shows throughout her career, serving as the main headliner of the 47th Super Bowl halftime show in 2013.","At the 57th Annual Grammy Awards in February 2015, Beyoncé won three out of six nominations, including Best R&B Performance and Best R&B Song for ""Drunk in Love."" She was also nominated for Album of the Year but lost to Beck. Beyoncé graced the cover of Vogue magazine's September issue, becoming the first African-American artist to do so. She headlined the Made in America festival and the Global Citizen Festival in September 2015. Beyoncé made an uncredited appearance on Coldplay's album A Head Full of Dreams and later performed with the band at Super Bowl 50 in February 2016, marking her fifth Super Bowl performance. 




","Identify the key events and facts: The Grammy Awards nominations and wins, Vogue cover, festival performances, collaboration with Coldplay, and upcoming Super Bowl performance. 
Remove filler words and unnecessary details: Focus on the essential information and omit any extraneous words or phrases. 
Combine related facts: Group together similar events or achievements to create concise sentences. 
Ensure all significant facts are included: Make sure each important detail is retained in the summary. 
Maintain the chronological order: Present the events in the order they occurred to provide a clear timeline of Beyoncé's activities. 


"
"On February 6, 2016, one day before her performance at the Super Bowl, Beyoncé released a new single exclusively on music streaming service Tidal called ""Formation"".","Beyoncé released single ""Formation"" on Tidal a day before her Super Bowl performance.",
"Beyoncé is believed to have first started a relationship with Jay Z after a collaboration on ""'03 Bonnie & Clyde"", which appeared on his seventh album The Blueprint 2: The Gift & The Curse (2002). Beyoncé appeared as Jay Z's girlfriend in the music video for the song, which would further fuel speculation of their relationship. On April 4, 2008, Beyoncé and Jay Z were married without publicity. As of April 2014, the couple have sold a combined 300 million records together. The couple are known for their private relationship, although they have appeared to become more relaxed in recent years. Beyoncé suffered a miscarriage in 2010 or 2011, describing it as ""the saddest thing"" she had ever endured. She returned to the studio and wrote music in order to cope with the loss. In April 2011, Beyoncé and Jay Z traveled to Paris in order to shoot the album cover for her 4, and unexpectedly became pregnant in Paris.","Beyoncé and Jay Z started their relationship after collaborating on ""'03 Bonnie & Clyde"" in 2002. They got married on April 4, 2008, privately. Together, they have sold 300 million records. They are known for their private relationship but have become more relaxed recently. Beyoncé experienced a miscarriage in 2010 or 2011, which she described as the saddest thing she had endured. She found solace in writing music. In April 2011, while shooting the album cover for 4 in Paris, Beyoncé unexpectedly became pregnant. 




","Removal of repetitive information: Redundant phrases and details were eliminated to avoid repetition and streamline the summary. 

Streamlining sentence structure: Sentences were condensed and rephrased using concise language, removing unnecessary descriptors and focusing on conveying the main points. 

Summarizing additional details: The impact of Beyoncé's pregnancy announcement at the 2011 MTV Video Music Awards was summarized, highlighting key facts while omitting specific numbers or additional context that were not essential to the summary."
"In August, the couple attended the 2011 MTV Video Music Awards, at which Beyoncé performed ""Love on Top"" and started the performance saying ""Tonight I want you to stand up on your feet, I want you to feel the love that's growing inside of me"". At the end of the performance, she dropped her microphone, unbuttoned her blazer and rubbed her stomach, confirming her pregnancy she had alluded to earlier in the evening. Her appearance helped that year's MTV Video Music Awards become the most-watched broadcast in MTV history, pulling in 12.4 million viewers; the announcement was listed in Guinness World Records for ""most tweets per second recorded for a single event"" on Twitter, receiving 8,868 tweets per second and ""Beyonce pregnant"" was the most Googled term the week of August 29, 2011.","In August, Beyoncé attended the 2011 MTV Video Music Awards, performing ""Love on Top."" During the performance, she confirmed her pregnancy by unbuttoning her blazer and rubbing her stomach. This moment generated significant attention, contributing to the most-watched broadcast in MTV history with 12.4 million viewers. The announcement also set a Guinness World Record for the ""most tweets per second recorded for a single event"" on Twitter, receiving 8,868 tweets per second. Additionally, ""Beyonce pregnant"" became the most Googled term the week of August 29, 2011.
","Removal of repetitive information: I removed repetitive phrases and details that were not necessary to convey the main points. For example, instead of mentioning that Beyoncé performed ""Love on Top"" at the 2011 MTV Video Music Awards and that she confirmed her pregnancy during the performance, I combined the information into a single sentence to eliminate redundancy. 

Streamlining sentence structure: I condensed sentences and rephrased them to convey the same information using fewer words. This involved using concise language and eliminating unnecessary descriptors. For instance, I removed specific quotes from Beyoncé's performance and summarized the key message she conveyed instead. 

Summarizing additional details: I summarized the impact of Beyoncé's pregnancy announcement at the 2011 MTV Video Music Awards, such as its record-breaking Twitter activity and high search volume on Google. I focused on the most significant facts while omitting specific numbers or additional context that were not crucial to the summary."